{
    "vertices": [4e-06,-0.13,-0.395006,4e-06,0.13,-0.395006,0.038004,-0.13,-0.395006,0.038004,0.13,-0.395006,4e-06,-0.13,-6e-06,0.038004,-0.13,-6e-06,4e-06,0.13,-6e-06,0.038004,0.13,-6e-06],
    "metadata": {
        "generator": "io_three",
        "vertices": 8,
        "faces": 12,
        "type": "Geometry",
        "uvs": 1,
        "version": 3,
        "normals": 8
    },
    "name": "computer.caseGeometry.1",
    "faces": [40,0,1,2,0,1,2,0,1,2,40,2,1,3,2,1,3,2,1,3,40,4,0,5,2,4,5,4,0,5,40,5,0,2,5,4,6,5,0,2,40,6,4,7,7,8,3,6,4,7,40,7,4,5,3,8,9,7,4,5,40,1,6,3,10,11,12,1,6,3,40,3,6,7,12,11,13,3,6,7,40,4,6,0,14,15,16,4,6,0,40,0,6,1,16,15,17,0,6,1,40,7,5,3,18,19,20,7,5,3,40,3,5,2,20,19,21,3,5,2],
    "uvs": [[1,0,1,0.5,0.940063,0,0.940063,0.5,0.940063,0.759615,0.880126,0,0.880126,0.759615,1,0.5,1,1,0.940063,1,0.820189,0.759615,0.820189,0,0.880126,0.759615,0.880126,0,0.820189,0.759615,0.410095,0.759615,0.820189,0,0.410095,0,0,0,0.410094,0,0,0.759615,0.410095,0.759615]],
    "normals": [-0.577349,-0.577349,-0.577349,-0.577349,0.577349,-0.577349,0.577349,-0.577349,-0.577349,0.577349,0.577349,-0.577349,-0.577349,-0.577349,0.577349,0.577349,-0.577349,0.577349,-0.577349,0.577349,0.577349,0.577349,0.577349,0.577349]
}