{
    "faces": [40,0,1,2,0,1,2,0,1,2,40,3,0,4,3,0,4,3,0,4,40,4,0,2,4,0,2,4,0,2,40,4,2,5,4,2,5,4,2,5,40,5,2,6,5,2,6,5,2,6,40,5,6,7,5,6,7,5,6,7,40,7,6,8,7,6,8,7,6,8,40,3,4,9,3,4,9,3,4,9,40,9,4,10,9,4,10,9,4,7,40,9,10,11,9,10,11,9,7,10,40,12,13,14,12,13,14,11,12,13,40,14,13,15,14,13,15,13,12,14,40,14,15,10,14,15,10,13,14,7,40,10,15,16,10,15,16,7,14,15,40,10,16,11,10,16,11,7,15,10,40,1,17,2,1,17,2,1,16,2,40,2,17,18,2,17,18,2,16,17,40,2,18,14,2,18,14,2,17,13,40,14,18,19,14,18,19,13,17,18,40,14,19,12,14,19,12,13,18,11,40,20,21,22,20,21,22,19,20,21,40,22,21,23,22,21,23,21,20,22,40,22,23,24,22,23,24,21,22,23,40,24,23,25,24,23,25,23,22,24,40,26,27,28,26,27,28,25,26,19,40,28,27,29,28,27,29,19,26,27,40,28,29,30,28,29,30,19,27,28,40,30,29,31,30,29,31,28,27,29,40,24,32,28,24,32,28,23,30,19,40,28,32,33,28,32,33,19,30,31,40,28,33,26,28,33,26,19,31,25,40,31,34,30,31,34,30,29,32,28,40,30,34,35,30,34,35,28,32,33,40,30,35,25,30,35,25,28,33,24,40,25,35,36,25,35,36,24,33,34,40,36,37,25,36,37,25,34,35,24,40,25,37,38,25,37,38,24,35,36,40,25,38,24,25,38,24,24,36,23,40,24,38,39,24,38,39,23,36,37,40,24,39,32,24,39,32,23,37,30,40,14,10,30,40,41,42,13,7,28,40,30,10,28,42,41,43,28,7,19,40,2,14,25,44,45,46,2,13,24,40,25,14,30,46,45,47,24,13,28,40,6,2,23,48,49,50,6,2,22,40,23,2,25,50,49,51,22,2,24,40,8,6,21,52,48,53,8,6,20,40,21,6,23,53,48,50,20,6,22,40,7,8,20,54,55,56,7,8,19,40,20,8,21,56,55,57,19,8,20,40,5,7,22,58,59,60,5,7,21,40,22,7,20,60,59,61,21,7,19,40,4,5,24,62,58,63,4,5,23,40,24,5,22,63,58,60,23,5,21,40,10,4,28,64,65,66,7,4,19,40,28,4,24,66,65,67,19,4,23,40,13,29,15,68,69,70,12,27,14,40,15,29,27,70,69,71,14,27,26,40,15,27,16,70,71,72,14,26,15,40,16,27,26,73,74,75,15,26,25,40,16,26,11,73,75,76,15,25,10,40,11,26,33,76,75,77,10,25,31,40,11,33,9,76,77,78,10,31,9,40,9,33,32,78,77,79,9,31,30,40,9,32,3,78,79,80,9,30,3,40,3,32,39,80,79,81,3,30,37,40,3,39,0,80,81,82,3,37,0,40,0,39,38,83,84,85,0,37,36,40,0,38,1,83,85,86,0,36,1,40,1,38,37,86,85,87,1,36,35,40,1,37,17,86,87,68,1,35,16,40,17,37,36,88,89,90,16,35,34,40,17,36,18,91,89,92,16,34,17,40,18,36,35,93,94,95,17,34,33,40,18,35,19,93,95,96,17,33,18,40,19,35,34,96,95,97,18,33,32,40,19,34,12,96,97,98,18,32,11,40,12,34,31,98,97,99,11,32,29,40,12,31,13,98,99,100,11,29,12,40,13,31,29,68,87,69,12,29,27],
    "normals": [-0.552507,0.770043,0.318918,-0.637837,0.770135,-6.1e-05,0.297098,0.630238,0.717277,-0.31901,0.770012,0.552507,-0.227454,0.804163,-0.54912,-0.54912,0.804163,-0.227454,0.717277,0.630238,0.297098,-0.577349,0.577349,-0.577349,0.577349,0.577349,-0.577349,3.1e-05,0.770043,0.637989,0.318979,0.770104,0.552385,0.318705,0.77047,-0.552019,0.552049,0.77044,-0.318766,-0.577349,0.577349,0.577349,0.637593,0.770348,-6.1e-05,0.552324,0.770226,0.318796,-0.552202,0.770257,-0.318918,-0.318705,0.770379,-0.552171,3.1e-05,0.77047,-0.63744,-0.577349,-0.577349,-0.577349,0.577349,-0.577349,-0.577349,-0.54912,-0.804163,-0.227454,0.717277,-0.630238,0.297098,-0.227454,-0.804163,-0.54912,0.297098,-0.630238,0.717277,0.318705,-0.770379,0.552171,0.552202,-0.770257,0.318888,0.637837,-0.770135,6.1e-05,-0.577349,-0.577349,0.577349,0.552507,-0.770043,-0.318918,-0.318705,-0.77047,0.552019,-3.1e-05,-0.77047,0.63744,0.31901,-0.770012,-0.552507,-3.1e-05,-0.770043,-0.637989,-0.318979,-0.770104,-0.552385,-0.552324,-0.770226,-0.318796,-0.637593,-0.770348,6.1e-05,-0.552049,-0.77044,0.318766],
    "metadata": {
        "faces": 80,
        "vertices": 40,
        "version": 3,
        "uvs": 1,
        "generator": "io_three",
        "type": "Geometry",
        "normals": 38
    },
    "uvs": [[0.551103,0.737548,0.543456,0.739713,0.311584,0.471211,0.558837,0.739398,0.430724,0.453441,0.503879,0.163189,0.406737,0.093677,0.623167,0.092793,0.565477,0,0.564585,0.744768,0.623167,0.76298,0.566807,0.752218,0.544016,0.765668,0.551749,0.767518,0.527923,0.819186,0.559397,0.765353,0.564908,0.759753,0.537944,0.745313,0.536045,0.752848,0.538268,0.760298,0.311584,0.726393,0.253893,0.819186,0.192295,0.655997,0.095153,0.725509,0.11914,0.365745,0,0.347975,0.255305,0.067082,0.253406,0.059547,0.311584,0.056206,0.247894,0.053947,0.216339,0,0.240247,0.051782,0.247334,0.079902,0.253082,0.074532,0.232513,0.053632,0.226765,0.059002,0.224543,0.066452,0.226442,0.073987,0.231953,0.079587,0.239601,0.081752,0.311584,0.819186,0.422937,0.819186,0.311584,1,0.422937,1,0.808757,0.455724,0.808757,0.862555,0.623167,0.455724,0.623167,0.862555,0.808757,0.180836,0.80878,0.455724,0.623167,0.180814,0.62319,0.455702,0.80878,2.2e-05,0.62319,0,0.920133,0.889938,0.80878,0.889938,0.920133,0.709124,0.80878,0.709124,0.994369,0.573231,0.994382,0.709107,0.80878,0.573247,0.808793,0.709124,0.994382,0.361894,0.808793,0.361911,0.80878,0.361894,0.80878,0,0.994369,0.361894,0.994369,0,0.983179,0.889948,0.990871,0.70913,0.990871,0.889944,0.998564,0.709124,0.998564,0.889938,0.920133,0.889947,0.920133,0.709133,0.925764,0.709129,0.925764,0.889943,0.933456,0.709125,0.933456,0.889939,0.941149,0.709124,0.941149,0.889938,0.94678,0.709125,0.94678,0.889939,0.967795,0.889938,0.967795,0.709124,0.975487,0.709129,0.975487,0.889943,0.983179,0.709134,0.999878,0,1,0.180814,0.994369,0.180814,0.994369,0.361623,1,0.361628,0.94678,0.889938,0.94678,0.709124,0.954472,0.709127,0.954472,0.889941,0.962164,0.709129,0.962164,0.889943,0.967795,0.709128,0.967795,0.889942]],
    "vertices": [0.001436,0.01,-0.000829,0.001658,0.01,-0,0.040006,0.01,0.005986,0.000829,0.01,-0.001436,0.035036,0.01,-0.006014,0.058412,0.01,-0.02939,0.070412,0.01,-0.02442,0.058412,0.01,-0.04442,0.070412,0.01,-0.04442,-0,0.01,-0.001658,-0.004994,0.01,-0.006014,-0.000829,0.01,-0.001436,-0.000829,0.01,0.001436,-0.001436,0.01,0.000829,-0.004994,0.01,0.005986,-0.001658,0.01,-0,-0.001436,0.01,-0.000829,0.001436,0.01,0.000829,0.000829,0.01,0.001436,-0,0.01,0.001658,0.058412,-0.01,-0.04442,0.070412,-0.01,-0.04442,0.058412,-0.01,-0.02939,0.070412,-0.01,-0.02442,0.035036,-0.01,-0.006014,0.040006,-0.01,0.005986,-0.000823,-0.01,-0.00145,-0.00143,-0.01,-0.000843,-0.004994,-0.01,-0.006014,-0.001652,-0.01,-1.4e-05,-0.004994,-0.01,0.005986,-0.00143,-0.01,0.000815,0.000835,-0.01,-0.00145,6e-06,-0.01,-0.001672,-0.000823,-0.01,0.001422,6e-06,-0.01,0.001644,0.000835,-0.01,0.001422,0.001442,-0.01,0.000815,0.001664,-0.01,-1.4e-05,0.001442,-0.01,-0.000843],
    "name": "fingerGeometry.1"
}