{
    "faces": [32,0,1,2,0,1,2,32,2,1,3,2,1,3,32,2,3,4,2,3,4,32,4,3,5,4,3,5,32,5,6,4,5,6,4,32,4,6,7,4,6,7,32,4,7,8,4,7,8,32,8,7,9,8,7,9,32,8,9,10,8,9,10,32,0,2,11,0,2,11,32,11,2,12,11,2,12,32,11,12,13,11,12,13,32,10,14,8,10,14,8,32,8,14,15,8,14,15,32,8,15,12,8,15,12,32,12,15,16,12,15,16,32,12,16,13,12,16,13,32,17,2,18,17,2,18,32,18,2,4,18,2,4,32,19,17,20,19,17,20,32,20,17,18,20,17,18,32,12,19,8,12,19,8,32,8,19,20,8,19,20,32,21,12,2,21,12,2,32,21,2,22,21,2,22,32,23,19,24,23,19,24,32,24,19,12,24,19,12,32,24,12,25,24,12,25,32,25,12,21,25,12,21,32,26,27,17,26,27,17,32,17,27,28,17,27,28,32,17,28,2,17,28,2,32,2,28,29,2,28,29,32,2,29,22,2,29,22,32,23,30,19,23,30,19,32,19,30,31,19,30,31,32,19,31,17,19,31,17,32,17,31,32,17,31,32,32,17,32,26,17,32,26,32,8,20,4,8,20,4,32,4,20,18,4,20,18,32,33,34,35,33,34,35,32,35,34,22,35,34,22,32,35,22,36,35,22,36,32,36,22,29,36,22,29,32,36,29,37,36,29,37,32,37,29,28,37,29,28,32,37,28,38,37,28,38,32,38,28,27,38,28,27,32,38,27,39,38,27,39,32,39,27,26,39,27,26,32,39,26,40,39,26,40,32,40,26,32,40,26,32,32,40,32,41,40,32,41,32,41,32,31,41,32,31,32,41,31,42,41,31,42,32,42,31,30,42,31,30,32,42,30,43,42,30,43,32,43,30,23,43,30,23,32,43,23,44,43,23,44,32,44,23,24,44,23,24,32,44,24,45,44,24,45,32,45,24,25,45,24,25,32,45,25,33,45,25,33,32,33,25,34,33,25,34,32,33,35,45,33,35,45,32,45,35,36,45,35,36,32,45,36,37,45,36,37,32,43,44,42,43,44,42,32,42,44,45,42,44,45,32,41,42,40,41,42,40,32,40,42,45,40,42,45,32,40,45,39,40,45,39,32,39,45,37,39,45,37,32,39,37,38,39,37,38,32,46,47,5,46,47,5,32,5,47,48,5,47,48,32,5,48,6,5,48,6,32,6,48,49,6,48,49,32,6,49,7,6,49,7,32,7,49,50,7,49,50,32,7,50,9,7,50,9,32,9,50,51,9,50,51,32,9,51,10,9,51,10,32,10,51,52,10,51,52,32,10,52,14,10,52,14,32,14,52,53,14,52,53,32,14,53,15,14,53,15,32,15,53,54,15,53,54,32,15,54,16,15,54,16,32,16,54,55,16,54,55,32,16,55,13,16,55,13,32,13,55,56,13,55,56,32,13,56,11,13,56,11,32,11,56,57,11,56,57,32,11,57,0,11,57,0,32,0,57,58,0,57,58,32,0,58,1,0,58,1,32,1,58,59,1,58,59,32,1,59,3,1,59,3,32,3,59,46,3,59,46,32,3,46,5,3,46,5,32,47,46,53,47,46,53,32,53,46,59,53,46,59,32,53,59,58,53,59,58,32,52,51,53,52,51,53,32,53,51,50,53,51,50,32,50,49,53,50,49,53,32,53,49,48,53,49,48,32,53,48,47,53,48,47,32,54,53,55,54,53,55,32,55,53,58,55,53,58,32,55,58,56,55,58,56,32,56,58,57,56,58,57],
    "normals": [0.76513,0.602008,-0.228309,0.76513,0.426954,-0.481918,0.577349,0.577319,-0.577349,0.764214,0.155492,-0.625904,0.577319,-0.577349,-0.577349,0.764214,-0.155492,-0.625904,0.76513,-0.426954,-0.481918,0.76513,-0.602008,-0.228309,0.577349,-0.577349,0.577349,0.76513,-0.639149,0.077578,0.76513,-0.529862,0.365734,0.76513,0.639149,0.077609,0.577349,0.577349,0.577349,0.76513,0.529862,0.365734,0.76513,-0.299203,0.570086,0.76513,0,0.643849,0.76513,0.299203,0.570086,-0.577349,0.577349,-0.577349,-0.577349,-0.577349,-0.577349,-0.577349,0.577349,0.577349,-0.577349,-0.577349,0.577349,0,1,0,-0.552263,0.770257,0.318857,0,0.770257,-0.637715,-0.318857,0.770257,-0.552263,-0.552263,0.770257,-0.318857,0.552263,0.770257,0.318857,0.318857,0.770257,0.552263,0,0.770257,0.637715,-0.318857,0.770257,0.552263,0.318857,0.770257,-0.552263,0.552263,0.770257,-0.318857,0.637715,0.770257,0,-0.655721,0.653218,-0.378552,-1,0,0,-0.757134,0.653218,0,-0.655721,0.653218,0.378552,-0.378552,0.653218,0.655721,0,0.653218,0.757134,0.378552,0.653218,0.655721,0.655721,0.653218,0.378552,0.757134,0.653218,0,0.655721,0.653218,-0.378552,0.378552,0.653218,-0.655721,0,0.653218,-0.757134,-0.378552,0.653218,-0.655721,0.680868,0,-0.732383,0.668691,-0.221198,-0.709861,0.656972,-0.499893,-0.564287,0.656972,-0.704886,-0.267312,0.656972,-0.748375,0.090854,0.656972,-0.620411,0.428236,0.656972,-0.350322,0.667531,0.656972,0,0.753868,0.656972,0.350322,0.667531,0.656972,0.620411,0.428236,0.656972,0.748375,0.090854,0.656972,0.704886,-0.267312,0.656972,0.499893,-0.564287,0.668691,0.221198,-0.709861],
    "metadata": {
        "faces": 114,
        "vertices": 60,
        "version": 3,
        "uvs": 0,
        "generator": "io_three",
        "type": "Geometry",
        "normals": 60
    },
    "uvs": [],
    "vertices": [0.039332,-0.049387,-0.00213,0.039332,-0.051018,-0.004493,0.039332,3e-06,-0.042502,0.039332,-0.053561,-0.005828,0.039332,-0.097997,-0.042502,0.039332,-0.056433,-0.005828,0.039332,-0.058975,-0.004493,0.039332,-0.060607,-0.00213,0.039332,-0.097997,0.042498,0.039332,-0.060953,0.000721,0.039332,-0.059935,0.003406,0.039332,-0.04904,0.000721,0.039332,3e-06,0.042498,0.039332,-0.050059,0.003406,0.039332,-0.057785,0.005311,0.039332,-0.054997,0.005998,0.039332,-0.052208,0.005311,-0.032668,3e-06,-0.042502,-0.032668,-0.097997,-0.042502,-0.032668,3e-06,0.042498,-0.032668,-0.097997,0.042498,0.00384,3e-06,0,0.003304,3e-06,-0.002,-0.00016,3e-06,0.004,0.00184,3e-06,0.003464,0.003304,3e-06,0.002,-0.003624,3e-06,-0.002,-0.00216,3e-06,-0.003464,-0.00016,3e-06,-0.004,0.00184,3e-06,-0.003464,-0.00216,3e-06,0.003464,-0.003624,3e-06,0.002,-0.00416,3e-06,-0,0.003304,-0.009997,0.002,0.00384,3e-06,0,0.00384,-0.009997,0,0.003304,-0.009997,-0.002,0.00184,-0.009997,-0.003464,-0.00016,-0.009997,-0.004,-0.00216,-0.009997,-0.003464,-0.003624,-0.009997,-0.002,-0.00416,-0.009997,-0,-0.003624,-0.009997,0.002,-0.00216,-0.009997,0.003464,-0.00016,-0.009997,0.004,0.00184,-0.009997,0.003464,0.069332,-0.054997,-0.006002,0.069332,-0.056433,-0.005828,0.069332,-0.058975,-0.004493,0.069332,-0.060607,-0.00213,0.069332,-0.060953,0.000721,0.069332,-0.059935,0.003406,0.069332,-0.057785,0.005311,0.069332,-0.054997,0.005998,0.069332,-0.052208,0.005311,0.069332,-0.050059,0.003406,0.069332,-0.04904,0.000721,0.069332,-0.049387,-0.00213,0.069332,-0.051018,-0.004493,0.069332,-0.053561,-0.005828],
    "name": "forearm.p1Geometry"
}