{
    "vertices": [0.007261,0.090009,-2.5e-05,0.007261,0.10613,0.009692,-0.011739,0.090009,-2.5e-05,-0.011739,0.10613,0.009692,0.007261,9e-06,-1.1e-05,-0.011739,9e-06,-1.1e-05,-0.011739,0.090009,-2.5e-05,0.007261,1e-06,-0.01201,-0.011739,1e-06,-0.01201,-0.011739,9e-06,-1.1e-05,0.007261,0.090001,-0.01208,-0.011739,0.090001,-0.01208,-0.011739,1e-06,-0.01201,0.007261,0.106038,-0.002413,-0.011739,0.106038,-0.002413,-0.011739,0.090001,-0.01208,-0.011739,0.110633,-0.00038,0.007261,0.110633,-0.00038,-0.011739,0.11559,0.000444,0.007261,0.11559,0.000444,-0.011739,0.120596,5e-06,0.007261,0.120596,5e-06,-0.011739,0.125335,-0.001667,0.007261,0.125335,-0.001667,0.007261,0.138349,-0.008199,-0.011739,0.138349,-0.008199,-0.011739,0.142328,-0.009691,0.007261,0.142328,-0.009691,-0.011739,0.146532,-0.010309,0.007261,0.146532,-0.010309,-0.011739,0.150772,-0.010024,0.007261,0.150772,-0.010024,0.007261,0.171751,-0.006349,-0.011739,0.171751,-0.006349,-0.011739,0.150772,-0.010024,-0.011739,0.171751,-0.006349,-0.011739,0.173888,-0.004778,0.007261,0.173888,-0.004778,-0.011739,0.175159,-0.002449,0.007261,0.175159,-0.002449,-0.011739,0.175325,0.000199,0.007261,0.175325,0.000199,-0.011739,0.174353,0.002668,0.007261,0.174353,0.002668,-0.011739,0.172428,0.004493,0.007261,0.172428,0.004493,-0.011739,0.169911,0.005331,0.007261,0.169911,0.005331,0.007261,0.150992,0.002017,-0.011739,0.150992,0.002017,-0.011739,0.146753,0.001732,0.007261,0.146753,0.001732,-0.011739,0.142548,0.00235,0.007261,0.142548,0.00235,-0.011739,0.138569,0.003842,0.007261,0.138569,0.003842,0.007261,0.125427,0.010438,-0.011739,0.125427,0.010438,-0.011739,0.138569,0.003842,-0.011739,0.125427,0.010438,-0.011739,0.120688,0.012111,0.007261,0.120688,0.012111,-0.011739,0.115682,0.012549,0.007261,0.115682,0.012549,-0.011739,0.110725,0.011725,0.007261,0.110725,0.011725,0.007261,1e-06,-0.01201,-0.011739,1e-06,-0.01201],
    "uvs": [],
    "faces": [32,0,1,2,0,1,2,32,2,1,3,2,1,3,32,4,0,5,4,0,5,32,5,0,6,5,0,5,32,7,4,8,6,4,7,32,8,4,9,7,4,8,32,10,7,11,9,6,10,32,11,7,12,10,6,10,32,13,10,14,11,9,12,32,14,10,15,12,9,13,32,13,14,16,11,12,14,32,13,16,17,11,14,15,32,17,16,18,15,14,16,32,17,18,19,15,16,17,32,19,18,20,17,16,18,32,19,20,21,17,18,19,32,21,20,22,19,18,20,32,21,22,23,19,20,21,32,24,23,25,22,21,23,32,25,23,22,23,21,20,32,24,25,26,22,23,24,32,24,26,27,22,24,25,32,27,26,28,25,24,26,32,27,28,29,25,26,27,32,29,28,30,27,26,28,32,29,30,31,27,28,29,32,32,31,33,30,29,31,32,33,31,34,31,29,31,32,32,35,36,30,32,33,32,32,36,37,30,33,34,32,37,36,38,34,33,35,32,37,38,39,34,35,36,32,39,38,40,36,35,37,32,39,40,41,36,37,38,32,41,40,42,38,37,39,32,41,42,43,38,39,40,32,43,42,44,40,39,41,32,43,44,45,40,41,42,32,45,44,46,42,41,43,32,45,46,47,42,43,44,32,48,47,49,45,44,46,32,49,47,46,46,44,43,32,48,49,50,45,46,47,32,48,50,51,45,47,48,32,51,50,52,48,47,49,32,51,52,53,48,49,50,32,53,52,54,50,49,51,32,53,54,55,50,51,52,32,56,55,57,53,52,54,32,57,55,58,54,52,54,32,56,59,60,53,55,56,32,56,60,61,53,56,57,32,61,60,62,57,56,58,32,61,62,63,57,58,59,32,63,62,64,59,58,60,32,63,64,65,59,60,61,32,65,64,3,61,60,3,32,65,3,1,61,3,1,32,4,66,0,4,62,0,32,0,66,10,0,62,9,32,0,10,1,0,9,1,32,39,41,48,36,38,45,32,10,13,1,9,11,1,32,1,13,17,1,11,15,32,1,17,65,1,15,61,32,65,17,19,61,15,17,32,41,43,48,38,40,45,32,48,43,45,45,40,42,32,48,45,47,45,42,44,32,31,48,29,29,45,27,32,29,48,51,27,45,48,32,29,51,27,27,48,25,32,27,51,53,25,48,50,32,27,53,24,25,50,22,32,24,53,55,22,50,52,32,24,55,23,22,52,21,32,23,55,56,21,52,53,32,23,56,21,21,53,19,32,21,56,61,19,53,57,32,21,61,19,19,57,17,32,19,61,63,17,57,59,32,19,63,65,17,59,61,32,31,32,48,29,30,45,32,48,32,37,45,30,34,32,48,37,39,45,34,36,32,36,35,30,33,32,28,32,25,52,26,23,49,24,32,26,52,50,24,49,47,32,49,40,38,46,37,35,32,67,9,15,63,8,13,32,15,9,2,13,8,2,32,15,2,14,13,2,12,32,14,2,3,12,2,3,32,14,3,16,12,3,14,32,16,3,64,14,3,60,32,16,64,18,14,60,16,32,18,64,62,16,60,58,32,18,62,20,16,58,18,32,20,62,60,18,58,56,32,20,60,22,18,56,20,32,22,60,59,20,56,55,32,22,59,25,20,55,23,32,25,59,54,23,55,51,32,25,54,52,23,51,49,32,42,40,44,39,37,41,32,44,40,49,41,37,46,32,44,49,46,41,46,43,32,38,36,49,35,33,46,32,49,36,30,46,33,28,32,49,30,50,46,28,47,32,50,30,28,47,28,26,32,50,28,26,47,26,24],
    "normals": [0.772668,-0.170019,0.61156,0.693197,-0.332469,0.639454,-0.919858,-0.20246,0.335887,-0.693197,-0.332469,0.639454,0.577349,-0.577074,0.577563,0,0.000153,1,0,-0.707602,-0.706565,0,-0.999969,0.000671,-0.707205,-0.706961,0.000458,0.651387,0.202979,-0.73104,0,-0.000763,-0.999969,0.721549,0.319376,-0.614277,-0.721549,0.319376,-0.614277,-0.85577,0.267067,-0.443068,-0.736503,0.193762,-0.648061,0.736503,0.193762,-0.648061,-0.736503,0.026124,-0.675924,0.736503,0.026124,-0.675924,-0.736503,-0.143162,-0.661092,0.736503,-0.143162,-0.661092,-0.721549,-0.271004,-0.637104,0.721549,-0.271004,-0.637104,0.695303,-0.287759,-0.658559,-0.695303,-0.287759,-0.658559,-0.68395,-0.182104,-0.706412,0.68395,-0.182104,-0.706412,-0.68395,-0.028748,-0.728935,0.68395,-0.028748,-0.728935,-0.888089,0.030763,-0.458571,0.695303,0.086184,-0.713492,0.659169,0.295358,-0.691549,0,0.172552,-0.984985,-0.862819,0.299387,-0.4073,-0.661367,0.564714,-0.493576,0.661367,0.564714,-0.493576,-0.661367,0.720603,-0.208014,0.661367,0.720603,-0.208014,-0.661367,0.740898,0.116672,0.661367,0.740898,0.116672,-0.661367,0.621754,0.419446,0.661367,0.621754,0.419446,-0.661367,0.385632,0.643269,0.661367,0.385632,0.643269,-0.655904,0.055788,0.75277,0.655904,0.055788,0.75277,0.71926,-0.083285,0.689688,-0.71926,-0.083285,0.689688,-0.731803,0.026856,0.68096,0.731803,0.026856,0.68096,-0.731803,0.17011,0.659902,0.731803,0.17011,0.659902,-0.900235,0.152837,0.407636,0.71926,0.278146,0.636586,0.693197,0.282113,0.663198,0,0.448561,0.893735,-0.886868,0.153722,0.435621,-0.679891,0.155187,0.716666,0.679891,0.155187,0.716666,-0.679891,-0.028321,0.732749,0.679891,-0.028321,0.732749,-0.679891,-0.210059,0.702567,0.679891,-0.210059,0.702567,1,0,0,-1,0,0],
    "name": "man.p12Geometry",
    "metadata": {
        "type": "Geometry",
        "vertices": 68,
        "uvs": 0,
        "faces": 112,
        "generator": "io_three",
        "normals": 64,
        "version": 3
    }
}