{
    "vertices": [0.009683,0.156017,-0.049892,0.025,0.156017,-0.049892,0.009683,0.090689,-0.049892,0.025,0.090689,-0.049892,0.009683,0.156017,0.049892,0.025,0.156017,0.049892,0.009683,0.090689,0.049892,0.025,0.090689,0.049892,-0.025,0.090689,0.049892,-0.025,0.073002,0.022911,-0.009682,0.090689,0.049892,0.025,0.073002,0.022911,0.025,2e-06,0.022911,-0.025,2e-06,0.022911,-0.025,0.073002,0.022911,-0.00433,2e-06,-0.0025,-0.005,2e-06,-0,-0.025,2e-06,-0.022793,0.00433,2e-06,-0.0025,0.0025,2e-06,-0.00433,0.025,2e-06,-0.022793,-0,2e-06,-0.005,-0.0025,2e-06,-0.00433,-0.00433,2e-06,0.0025,-0.0025,2e-06,0.00433,-0,2e-06,0.005,0.0025,2e-06,0.00433,0.00433,2e-06,0.0025,0.005,2e-06,0,0.025,0.073002,-0.022824,-0.025,0.073002,-0.022824,-0.025,2e-06,-0.022793,-0.009682,0.090689,-0.049892,-0.025,0.090689,-0.049892,-0.025,0.090689,-0.049892,-0.009682,0.156017,-0.049892,-0.025,0.156017,-0.049892,-0.025,0.156017,-0.049892,-0.009682,0.156017,0.049892,-0.025,0.156017,0.049892,-0.025,0.156017,0.049892,-0.025,0.090689,0.049892,-0.025,0.073002,-0.022824,-0.00433,0.020002,0.0025,-0.005,2e-06,-0,-0.005,0.020002,-0,-0.00433,0.020002,-0.0025,-0.0025,0.020002,-0.00433,0,0.020002,-0.005,0.0025,0.020002,-0.00433,0.00433,0.020002,-0.0025,0.005,2e-06,0,0.005,0.020002,-0,0.00433,0.020002,0.0025,0.0025,0.020002,0.00433,0,0.020002,0.005,-0.0025,0.020002,0.00433],
    "uvs": [],
    "faces": [32,0,1,2,0,1,2,32,2,1,3,2,1,3,32,4,5,0,4,5,0,32,0,5,1,0,5,1,32,6,7,4,6,7,4,32,4,7,5,4,7,5,32,8,9,10,8,8,9,32,10,9,11,9,8,10,32,10,11,6,9,10,6,32,6,11,7,6,10,7,32,12,11,13,11,10,12,32,13,11,14,12,10,13,32,15,16,17,14,15,16,32,17,16,13,16,15,12,32,18,19,20,17,18,19,32,20,19,21,19,18,20,32,20,21,17,19,20,16,32,17,21,22,16,20,21,32,17,22,15,16,21,14,32,16,23,13,15,22,12,32,13,23,24,12,22,23,32,13,24,12,12,23,11,32,12,24,25,11,23,24,32,25,26,12,24,25,11,32,12,26,27,11,25,26,32,12,27,20,11,26,19,32,20,27,28,19,26,15,32,20,28,18,19,15,17,32,29,20,30,27,19,28,32,30,20,31,28,19,29,32,3,29,2,3,27,2,32,2,29,30,2,27,28,32,2,30,32,2,28,30,32,32,30,33,30,28,31,32,32,34,35,30,32,1,32,35,34,36,1,32,33,32,35,37,38,1,34,5,32,38,37,39,5,34,35,32,38,40,10,5,36,9,32,10,40,41,9,36,37,32,3,1,29,3,1,27,32,29,1,5,27,1,5,32,12,20,11,11,19,10,32,11,20,29,10,19,27,32,11,29,7,10,27,7,32,7,29,5,7,27,5,32,41,40,42,37,36,38,32,42,40,36,38,36,33,32,42,36,34,38,33,32,32,17,13,42,16,12,38,32,42,13,14,38,12,13,32,42,14,41,38,13,37,32,43,44,45,39,40,41,32,45,44,15,41,40,14,32,45,15,46,41,14,42,32,46,15,22,42,14,21,32,46,22,47,42,21,43,32,47,22,21,43,21,20,32,47,21,48,43,20,44,32,48,21,19,44,20,18,32,48,19,49,44,18,45,32,49,19,18,45,18,17,32,49,18,50,45,17,46,32,50,18,51,46,17,38,32,50,51,52,46,38,47,32,52,51,27,47,38,26,32,52,27,53,47,26,48,32,53,27,26,48,26,25,32,53,26,54,48,25,49,32,54,26,25,49,25,24,32,54,25,55,49,24,50,32,55,25,24,50,24,23,32,55,24,56,50,23,51,32,56,24,23,51,23,22,32,56,23,43,51,22,39,32,43,23,44,39,22,40,32,56,43,45,51,39,41,32,56,49,50,51,45,46,32,48,49,47,44,45,43,32,47,49,56,43,45,51,32,47,56,46,43,51,42,32,46,56,45,42,51,41,32,54,55,53,49,50,48,32,53,55,56,48,50,51,32,53,56,52,48,51,47,32,52,56,50,47,51,46,32,6,4,2,6,4,2,32,2,4,0,2,4,0,32,32,35,10,30,1,9,32,10,35,38,9,1,5,32,2,32,6,2,30,6,32,6,32,10,6,30,9],
    "normals": [-0.577349,0.577349,-0.577349,0.577349,0.577349,-0.577349,-0.4138,-0.279031,-0.866512,0.614032,-0.375622,-0.694143,-0.577349,0.577349,0.577349,0.577349,0.577349,0.577349,-0.413526,-0.278176,0.866939,0.614124,-0.375072,0.694327,0,-0.836329,0.548204,0.413526,-0.278176,0.866939,0.831172,-0.264229,0.489181,0.577349,-0.577349,0.577349,-0.577349,-0.577349,0.577349,-0.934721,0,0.355327,0.552263,-0.770257,0.318857,0,-1,0,-0.707175,-0.706992,0,-0.552293,-0.770226,0.318857,-0.318857,-0.770257,0.552263,0.577349,-0.577441,-0.577197,0,-0.770257,0.637715,0.318857,-0.770257,0.552263,0.552263,-0.770257,-0.318857,0.318857,-0.770257,-0.552263,0,-0.770257,-0.637715,-0.318857,-0.770257,-0.552263,-0.552293,-0.770226,-0.318857,0.831294,-0.264595,-0.488723,0,-0.476089,-0.87936,0,-0.000397,-0.999969,0.4138,-0.279031,-0.866512,0,-0.837123,-0.546953,-0.807367,0,-0.589984,-0.707083,0,-0.707083,0,1,0,0,0.999969,0,-0.707083,0,0.707083,-0.807581,0,0.58974,-1,0,0,0.65569,-0.653218,-0.378552,1,0,0,0.757134,-0.653218,0,0.65569,-0.653218,0.378552,0.378552,-0.653218,0.655721,0,-0.653218,0.757134,-0.378582,-0.653218,0.655721,-0.655721,-0.653218,0.378552,-0.757164,-0.653218,0,-0.655721,-0.653218,-0.378552,-0.378582,-0.653218,-0.655721,0,-0.653218,-0.757134,0.378552,-0.653218,-0.655721],
    "name": "man.p11Geometry.1",
    "metadata": {
        "type": "Geometry",
        "vertices": 57,
        "uvs": 0,
        "faces": 92,
        "generator": "io_three",
        "normals": 52,
        "version": 3
    }
}