{
    "normals": [-0.577349,0.577349,-0.577349,-0.707083,-0.707083,0,-0.707083,0,0.707083,0,1,0,-0.577349,0.577349,0.577349,-0.301492,0.904508,-0.301492,0.577319,0.577319,0.577349,-0.301492,0.904508,0.301492,0.577349,0.577349,-0.577349,0.577349,-0.577349,-0.577349,0.577349,-0.577349,0.577349,-0.301492,-0.904508,0.301492,-0.301492,-0.904508,-0.301492,-0.707083,0,-0.707083,0.318857,0.552263,-0.770257,0,0.637715,-0.770257,0,0,-1,-0.637715,0,-0.770257,-0.552263,0.318857,-0.770257,-0.318857,0.552263,-0.770257,-0.552263,-0.318857,-0.770257,-0.318857,-0.552263,-0.770257,0,-0.637715,-0.770257,0.318857,-0.552263,-0.770257,0.552263,-0.318857,-0.770257,0.637715,0,-0.770257,0.552263,0.318857,-0.770257,-0.552202,-0.318796,0.770318,-0.637654,0,0.770287,0.552293,-0.318888,0.770226,0.318827,-0.552293,0.770257,0,-0.637684,0.770287,-0.318827,-0.552202,0.770287,-0.552263,0.318827,0.770287,-0.318857,0.552263,0.770257,0,0,0.999969,0,0.637745,0.770226,0.318888,0.552324,0.770196,0.552355,0.318888,0.770196,0.637776,0,0.770196,-0.637715,0,0.770257,-0.552263,-0.318857,0.770257,-0.552263,0.318857,0.770257,0,0,1,0,0.637715,0.770257,0.318857,0.552263,0.770257,0.552263,0.318857,0.770257,0.637715,0,0.770257,0.552263,-0.318857,0.770257,0.318857,-0.552263,0.770257,0,-0.637715,0.770257,-0.318857,-0.552263,0.770257,-0.637776,0,-0.770196,-0.552293,0.318888,-0.770226,0.552263,-0.318827,-0.770287,0.637654,0,-0.770287,0,0,-0.999969,0.552202,0.318796,-0.770318,0.318827,0.552202,-0.770287,0,0.637684,-0.770287,-0.318827,0.552293,-0.770257,-0.552355,-0.318888,-0.770196,-0.318888,-0.552324,-0.770196,0,-0.637745,-0.770226],
    "faces": [32,0,1,2,0,1,2,32,2,1,3,2,1,1,32,4,5,6,3,4,5,32,6,5,7,5,4,6,32,6,7,8,5,6,7,32,8,7,9,7,6,8,32,8,9,10,7,8,3,32,10,9,0,3,8,0,32,11,9,12,9,8,10,32,12,9,7,10,8,6,32,3,1,13,1,1,11,32,13,1,11,11,1,9,32,13,11,14,11,9,12,32,14,11,12,12,9,10,32,14,12,15,12,10,1,32,15,12,16,1,10,1,32,16,5,15,1,4,1,32,15,5,17,1,4,13,32,18,19,20,14,15,16,32,20,19,11,16,15,9,32,21,9,22,17,8,18,32,22,9,11,18,8,9,32,22,11,23,18,9,19,32,23,11,19,19,9,15,32,21,24,9,17,20,8,32,9,24,25,8,20,21,32,9,25,0,8,21,0,32,0,25,26,0,21,22,32,0,26,27,0,22,23,32,27,28,0,23,24,0,32,0,28,29,0,24,25,32,0,29,20,0,25,16,32,20,29,30,16,25,26,32,20,30,18,16,26,14,32,31,32,7,27,28,6,32,7,32,12,6,28,10,32,33,34,5,29,30,4,32,5,34,35,4,30,31,32,5,35,7,4,31,6,32,7,35,36,6,31,32,32,7,36,31,6,32,27,32,32,37,12,28,33,10,32,12,37,38,10,33,34,32,12,38,39,10,34,35,32,39,38,40,35,34,36,32,40,41,39,36,37,35,32,39,41,42,35,37,38,32,39,42,5,35,38,4,32,5,42,43,4,38,39,32,5,43,33,4,39,29,32,44,13,8,40,11,7,32,44,8,45,40,7,41,32,44,46,13,40,42,11,32,13,46,47,11,42,34,32,13,47,48,11,34,43,32,48,47,49,43,34,44,32,49,50,48,44,45,43,32,48,50,51,43,45,46,32,48,51,2,43,46,2,32,2,51,52,2,46,47,32,2,52,53,2,47,48,32,53,54,2,48,49,2,32,2,54,55,2,49,50,32,2,55,8,2,50,7,32,8,55,56,7,50,51,32,8,56,45,7,51,41,32,13,14,8,11,12,7,32,8,14,6,7,12,5,32,57,6,58,52,5,53,32,58,6,14,53,5,12,32,59,60,17,23,54,13,32,17,60,61,13,54,55,32,17,61,62,13,55,56,32,62,61,63,56,55,57,32,63,64,62,57,58,56,32,62,64,65,56,58,59,32,62,65,14,56,59,12,32,14,65,66,12,59,60,32,14,66,58,12,60,53,32,57,67,6,52,61,5,32,6,67,68,5,61,62,32,6,68,17,5,62,13,32,17,68,69,13,62,63,32,17,69,59,13,63,23,32,58,32,57,53,28,52,32,57,32,31,52,28,27,32,57,31,67,52,27,61,32,67,31,36,61,27,32,32,67,36,68,61,32,62,32,68,36,35,62,32,31,32,68,35,69,62,31,63,32,69,35,34,63,31,30,32,69,34,59,63,30,23,32,59,34,33,23,30,29,32,59,33,60,23,29,54,32,60,33,43,54,29,39,32,60,43,61,54,39,55,32,61,43,42,55,39,38,32,61,42,63,55,38,57,32,63,42,41,57,38,37,32,63,41,64,57,37,58,32,64,41,40,58,37,36,32,64,40,65,58,36,59,32,65,40,38,59,36,34,32,65,38,66,59,34,60,32,66,38,37,60,34,33,32,66,37,58,60,33,53,32,58,37,32,53,33,28,32,22,44,21,18,40,17,32,21,44,45,17,40,41,32,21,45,24,17,41,20,32,24,45,56,20,41,51,32,24,56,25,20,51,21,32,25,56,55,21,51,50,32,25,55,26,21,50,22,32,26,55,54,22,50,49,32,26,54,27,22,49,23,32,27,54,53,23,49,48,32,27,53,28,23,48,24,32,28,53,52,24,48,47,32,28,52,29,24,47,25,32,29,52,51,25,47,46,32,29,51,30,25,46,26,32,30,51,50,26,46,45,32,30,50,18,26,45,14,32,18,50,49,14,45,44,32,18,49,19,14,44,15,32,19,49,47,15,44,34,32,19,47,23,15,34,19,32,23,47,46,19,34,42,32,23,46,22,19,42,18,32,22,46,44,18,42,40],
    "name": "man.p3Geometry.1",
    "uvs": [],
    "vertices": [-0.015827,0.014998,-0.0425,-0.015827,-0.015002,-0.0425,-0.015827,0.014998,-0.025,-0.015827,-0.015002,-0.025,-0.015827,0.014998,0.025,-0.015827,0.014998,0.0425,0.071998,0.014998,0.025,0.104802,0.014998,0.0425,0.071998,0.014998,-0.025,0.104802,0.014998,-0.0425,-0.015827,0.014998,-0.025,0.104802,-0.015002,-0.0425,0.104802,-0.015002,0.0425,0.071998,-0.015002,-0.025,0.071998,-0.015002,0.025,-0.015827,-0.015002,0.025,-0.015827,-0.015002,0.0425,-0.015827,0.014998,0.025,-0.002003,-0.003466,-0.0425,-3e-06,-0.004002,-0.0425,-0.015827,-0.015002,-0.0425,0.003997,-2e-06,-0.0425,0.003461,-0.002002,-0.0425,0.001997,-0.003466,-0.0425,0.003461,0.001998,-0.0425,0.001997,0.003462,-0.0425,-3e-06,0.003998,-0.0425,-0.002003,0.003462,-0.0425,-0.003467,0.001998,-0.0425,-0.004003,-2e-06,-0.0425,-0.003467,-0.002002,-0.0425,0.003464,0.002,0.0425,0.004,0,0.0425,-0.003464,0.002,0.0425,-0.002,0.003464,0.0425,-0,0.004,0.0425,0.002,0.003464,0.0425,0.003464,-0.002,0.0425,0.002,-0.003464,0.0425,-0.015827,-0.015002,0.0425,-0,-0.004,0.0425,-0.002,-0.003464,0.0425,-0.003464,-0.002,0.0425,-0.004,0,0.0425,0.003997,-2e-06,-0.025,0.003461,0.001998,-0.025,0.003461,-0.002002,-0.025,0.001997,-0.003466,-0.025,-0.015827,-0.015002,-0.025,-3e-06,-0.004002,-0.025,-0.002003,-0.003466,-0.025,-0.003467,-0.002002,-0.025,-0.004003,-2e-06,-0.025,-0.003467,0.001998,-0.025,-0.002003,0.003462,-0.025,-3e-06,0.003998,-0.025,0.001997,0.003462,-0.025,0.003997,-2e-06,0.025,0.003461,-0.002002,0.025,-0.002003,0.003462,0.025,-0.003467,0.001998,0.025,-0.004003,-2e-06,0.025,-0.015827,-0.015002,0.025,-0.003467,-0.002002,0.025,-0.002003,-0.003466,0.025,-3e-06,-0.004002,0.025,0.001997,-0.003466,0.025,0.003461,0.001998,0.025,0.001997,0.003462,0.025,-3e-06,0.003998,0.025],
    "metadata": {
        "normals": 64,
        "type": "Geometry",
        "faces": 132,
        "version": 3,
        "vertices": 70,
        "uvs": 0,
        "generator": "io_three"
    }
}