{
    "vertices": [0.139326,0.54399,-0.219317,0.139322,-7e-06,-0.219317,0.139322,-7e-06,-0.149,0.139326,0.54399,-0.149,0.191326,0.54399,-0.219317,0.191322,-7e-06,-0.219317,0.273495,-7e-06,-0.148836,0.273495,-7e-06,-0.0745,0.273495,-7e-06,0.0745,0.273495,-6e-06,0.148836,0.191322,-6e-06,0.219317,0.139322,-6e-06,0.219317,0.139322,-6e-06,0.149,-0.140333,-6e-06,0.149,-0.140333,-6e-06,0.219317,-0.192333,-6e-06,0.219317,-0.270505,-6e-06,0.148836,-0.270505,-7e-06,-0.148836,-0.192333,-7e-06,-0.219317,-0.140333,-7e-06,-0.219317,-0.140333,-7e-06,-0.149,-0.140329,0.54399,-0.149,0.273498,0.54399,-0.148836,0.273498,0.54399,-0.0745,0.273495,0.006,-0.0745,0.273495,0.006,0.0745,0.273498,0.54399,0.148836,0.273498,0.54399,0.0745,0.139326,0.54399,0.219317,0.191326,0.54399,0.219317,0.139326,0.54399,0.149,-0.140329,0.54399,0.149,-0.140329,0.54399,0.219317,-0.192329,0.54399,0.219317,-0.270502,0.54399,0.148836,-0.270502,0.54399,-0.148836,-0.192329,0.54399,-0.219317,-0.140329,0.54399,-0.219317,0.23153,0.54399,0.055675,0.270627,0.54399,0.069717,0.259844,0.54399,0.068655,0.246712,0.54399,0.064672,0.23461,0.54399,0.058203,0.210649,0.54399,-0.030193,0.215297,0.54399,-0.03889,0.224003,0.54399,-0.049497,0.23461,0.54399,-0.058203,0.246712,0.54399,-0.064672,0.259844,0.54399,-0.068655,0.273498,0.54399,-0.07,0.273501,0.53799,-0.0745,0.273501,0.53799,0.0745,0.224003,0.54399,0.049497,0.215297,0.54399,0.03889,0.208828,0.54399,0.026788,0.204845,0.54399,0.013656,0.2035,0.54399,-0,0.204029,0.54399,-0.005372,0.273498,0.54399,0.07,0.204845,0.54399,-0.013656,0.208828,0.54399,-0.026788,0.2735,0.54082,-0.07,0.2735,0.540764,0.07,0.118498,0.006001,-0.0745,0.118498,0.006001,0.0745,0.118502,0.537991,-0.0745,0.2735,0.53799,-0.07,0.259844,0.53799,-0.068655,0.246712,0.53799,-0.064672,0.23461,0.53799,-0.058203,0.224003,0.53799,-0.049497,0.215297,0.53799,-0.03889,0.208828,0.53799,-0.026788,0.204845,0.53799,-0.013656,0.2035,0.53799,-0,0.118502,0.537991,-0,0.118502,0.537991,0.0745,0.204845,0.53799,0.013656,0.208828,0.53799,0.026788,0.215297,0.53799,0.03889,0.224003,0.53799,0.049497,0.23461,0.53799,0.058203,0.246712,0.53799,0.064672,0.259844,0.53799,0.068655,0.2735,0.53799,0.07],
    "faces": [41,0,1,2,3,0,1,2,3,0,1,1,2,40,3,4,0,4,5,6,2,3,0,41,1,0,4,5,9,10,7,8,1,0,3,4,40,1,5,6,28,11,12,1,4,5,40,8,9,10,14,15,16,6,7,8,40,1,6,7,28,12,13,1,5,6,40,7,8,10,13,14,16,6,6,8,40,10,11,12,16,17,18,8,9,9,40,13,14,15,19,20,21,10,11,12,40,7,10,12,13,16,18,6,8,9,40,13,15,16,19,21,22,10,12,13,40,7,12,13,13,18,19,6,9,10,40,2,1,7,27,28,13,1,1,6,40,18,19,20,24,25,26,14,15,16,40,20,2,7,26,27,13,16,1,6,40,7,13,16,13,19,22,6,10,13,40,16,17,18,22,23,24,13,17,14,40,20,7,16,26,13,22,16,6,13,40,16,18,20,22,24,26,13,14,16,41,3,2,20,21,29,30,31,32,2,1,16,18,40,3,22,4,4,33,5,2,19,3,41,23,7,6,22,34,35,36,37,20,6,5,19,41,8,7,24,25,14,13,13,14,6,6,21,22,41,26,9,8,27,38,39,40,41,23,7,6,24,41,28,11,10,29,42,43,44,45,25,9,8,26,41,30,12,11,28,46,47,48,49,27,9,9,25,41,31,13,12,30,50,29,51,38,28,10,9,27,41,32,14,13,31,52,53,54,55,29,11,10,28,41,33,15,14,32,56,57,58,59,30,12,11,29,41,34,16,15,33,60,61,57,56,31,13,12,30,41,35,17,16,34,62,63,64,65,32,17,13,31,41,36,18,17,35,66,67,68,69,33,14,17,32,41,37,19,18,36,70,71,67,66,34,15,14,33,41,21,20,19,37,72,73,45,74,18,16,15,34,40,3,21,31,4,75,76,2,18,28,40,23,22,3,84,33,4,20,19,2,40,3,43,44,4,77,78,2,35,36,40,48,49,23,82,83,84,37,38,20,40,3,44,45,4,78,79,2,36,39,40,47,48,23,81,82,84,40,37,20,40,3,45,46,4,79,80,2,39,41,40,47,23,3,81,84,4,40,20,2,40,3,46,47,4,80,81,2,41,40,40,42,38,26,91,85,86,42,43,23,40,26,27,39,86,87,88,23,24,44,40,41,42,26,90,91,86,45,42,23,40,26,39,40,86,88,89,23,44,46,40,26,40,41,86,89,90,23,46,45,40,28,29,30,92,93,94,25,26,27,40,3,31,30,4,76,94,2,28,27,40,33,32,31,95,96,76,30,29,28,40,33,31,34,95,76,97,30,28,31,40,35,34,21,98,97,75,32,31,18,40,35,21,36,98,75,99,32,18,33,40,21,37,36,75,100,99,18,34,33,40,21,34,31,75,97,76,18,31,28,40,30,26,38,94,86,85,27,23,43,40,56,57,3,105,106,4,47,48,2,40,30,38,52,94,85,101,27,43,49,40,55,56,3,104,105,4,50,47,2,40,30,52,53,94,101,102,27,49,51,40,54,55,3,103,104,4,52,50,2,40,30,53,54,94,102,103,27,51,52,40,54,3,30,103,4,94,52,2,27,40,39,27,58,88,87,107,44,24,53,40,30,29,26,94,93,86,27,26,23,40,3,57,59,4,108,109,2,48,54,40,60,43,3,110,77,4,55,35,2,40,3,59,60,4,109,110,2,54,55,40,75,76,64,111,41,40,6,15,34,40,64,63,65,40,35,34,34,29,11,40,64,65,75,40,34,111,34,11,6,41,82,41,40,83,112,112,112,112,56,45,46,57,41,81,42,41,82,112,112,112,112,58,42,45,56,40,81,80,52,112,112,112,58,59,49,40,52,38,42,112,112,112,49,43,42,40,52,42,81,112,112,112,49,42,58,41,79,53,52,80,112,112,112,112,60,51,49,59,41,77,55,54,78,112,112,112,112,61,50,52,62,40,74,73,59,112,112,112,63,64,54,40,59,57,56,112,112,112,54,48,47,40,59,56,74,112,112,112,54,47,63,41,72,60,59,73,112,112,112,112,65,55,54,64,40,72,71,44,112,112,112,65,66,36,40,44,43,60,112,112,112,36,35,55,40,44,60,72,112,112,112,36,55,65,41,70,45,44,71,112,112,112,112,67,39,36,66,41,69,46,45,70,112,112,112,112,68,41,39,67,41,67,48,47,68,112,112,112,112,69,37,40,70,40,83,39,84,112,112,113,57,44,71,40,40,39,83,88,112,112,46,44,57,40,39,62,84,112,112,113,44,72,71,41,22,6,5,4,114,115,116,117,19,5,4,3,40,7,23,24,35,34,35,6,20,21,40,8,25,27,40,118,41,6,22,24,40,24,23,50,35,34,119,21,20,73,40,27,25,51,41,40,41,24,22,74,40,50,23,49,84,84,120,73,20,38,40,61,66,50,121,120,84,75,76,73,40,49,61,50,120,121,84,38,75,73,40,62,58,27,123,122,87,72,53,24,40,27,51,84,87,87,122,24,74,71,40,27,84,62,87,122,123,24,71,72,41,29,10,9,26,124,125,126,127,26,8,7,23,41,25,24,63,64,14,13,13,14,22,21,29,34,41,24,50,65,63,35,34,34,35,21,73,11,29,40,65,50,66,84,84,121,11,73,76,40,73,74,75,134,135,135,64,63,6,40,65,66,67,84,121,128,11,76,69,40,72,73,75,133,134,135,65,64,6,40,65,67,68,84,128,129,11,69,70,40,71,72,75,132,133,135,66,65,6,40,65,68,69,84,129,130,11,70,68,40,70,71,75,131,132,135,67,66,6,40,65,69,70,84,130,131,11,68,67,40,70,75,65,131,135,84,67,6,11,41,51,25,64,76,41,40,40,41,74,22,34,15,40,83,84,51,113,122,87,57,71,74,40,76,75,74,87,135,135,15,6,63,40,83,51,76,113,87,87,57,74,15,40,76,74,77,87,135,136,15,63,61,40,82,83,76,141,113,87,56,57,15,40,76,77,78,87,136,137,15,61,62,40,81,82,76,140,141,87,58,56,15,40,76,78,79,87,137,138,15,62,60,40,80,81,76,139,140,87,59,58,15,40,76,79,80,87,138,139,15,60,59,41,69,46,47,68,112,112,112,112,68,41,40,70,40,39,58,62,112,123,112,44,53,72,40,67,66,61,121,121,112,69,76,75,40,48,67,61,112,112,112,37,69,75,40,48,61,49,112,120,82,37,75,38,40,69,68,47,112,112,112,68,70,40,40,46,69,47,112,112,112,41,68,40,40,78,53,79,112,112,137,62,51,60,40,54,53,78,102,112,112,52,51,62,40,56,55,74,104,112,112,47,50,63,40,55,77,74,112,135,112,50,61,63],