{
    "vertices": [0.139326,0.54399,-0.219317,0.139322,-7e-06,-0.219317,0.139322,-7e-06,-0.149,0.139326,0.54399,-0.149,0.191326,0.54399,-0.219317,0.191322,-7e-06,-0.219317,0.273495,-7e-06,-0.148836,0.273495,-7e-06,-0.0745,0.273495,-7e-06,0.0745,0.273495,-6e-06,0.148836,0.191322,-6e-06,0.219317,0.139322,-6e-06,0.219317,0.139322,-6e-06,0.149,-0.140333,-6e-06,0.149,-0.140333,-6e-06,0.219317,-0.192333,-6e-06,0.219317,-0.270505,-6e-06,0.148836,-0.270505,-7e-06,-0.148836,-0.192333,-7e-06,-0.219317,-0.140333,-7e-06,-0.219317,-0.140333,-7e-06,-0.149,-0.140329,0.54399,-0.149,0.273498,0.54399,-0.148836,0.273498,0.54399,-0.0745,0.27349,0.006,-0.0745,0.273495,0.006,0.0745,0.273498,0.54399,0.148836,0.273498,0.54399,0.0745,0.139326,0.54399,0.219317,0.191326,0.54399,0.219317,0.139326,0.54399,0.149,-0.140329,0.54399,0.149,-0.140329,0.54399,0.219317,-0.192329,0.54399,0.219317,-0.270502,0.54399,0.148836,-0.270502,0.54399,-0.148836,-0.192329,0.54399,-0.219317,-0.140329,0.54399,-0.219317,0.216739,0.54399,0.055675,0.270627,0.54399,0.069717,0.245053,0.54399,0.068655,0.231922,0.54399,0.064672,0.219819,0.54399,0.058203,0.195858,0.54399,-0.030193,0.200506,0.54399,-0.03889,0.209212,0.54399,-0.049497,0.219819,0.54399,-0.058203,0.231922,0.54399,-0.064672,0.245053,0.54399,-0.068655,0.273498,0.54399,-0.07,0.273501,0.53799,-0.0745,0.273501,0.53799,0.0745,0.209212,0.54399,0.049497,0.200506,0.54399,0.03889,0.194038,0.54399,0.026788,0.190054,0.54399,0.013656,0.188709,0.54399,-0,0.189238,0.54399,-0.005372,0.273498,0.54399,0.07,0.190054,0.54399,-0.013656,0.194038,0.54399,-0.026788,0.2735,0.54082,-0.07,0.2735,0.540764,0.07,0.049998,0.006001,-0.0745,0.05,0.006001,0.0745,0.050001,0.537991,-0.0745,0.2735,0.53799,-0.07,0.245053,0.53799,-0.068655,0.231922,0.53799,-0.064672,0.219819,0.53799,-0.058203,0.209212,0.53799,-0.049497,0.200506,0.53799,-0.03889,0.194038,0.53799,-0.026788,0.190054,0.53799,-0.013656,0.188709,0.53799,-0,0.050001,0.537991,-0,0.050001,0.537991,0.0745,0.190054,0.53799,0.013656,0.194038,0.53799,0.026788,0.200506,0.53799,0.03889,0.209212,0.53799,0.049497,0.219819,0.53799,0.058203,0.231922,0.53799,0.064672,0.245053,0.53799,0.068655,0.2735,0.53799,0.07],
    "uvs": [[0.633314,0,0.633314,0.499997,0.60058,0.499997,0.60058,0,0.236931,0.37668,0.204197,0.424474,0.204197,0.37668,0.633314,0.499998,0.633314,0,0.657521,0,0.657521,0.499998,0,0.075526,0.032811,0,0.072637,0,0.136085,0,0.171386,0,0.204196,0.075526,0.204197,0.123321,0.171462,0.123321,0.171462,0.380357,0.204197,0.380357,0.204197,0.428151,0.171386,0.500001,0.032811,0.500001,0,0.428151,0,0.380357,0.032735,0.380357,0.032735,0.123321,0,0.123321,0.407337,1,0.407337,0.500002,0.537524,0.500001,0.537524,0.999998,0.237007,0.500001,0.178348,0.500001,0.178401,0.999998,0.138575,0.999998,0.138575,0.500001,0.27715,0.500001,0.27715,0.999998,0.241849,0.999998,0.24035,0.500001,0.665454,0.500001,0.665454,0.999999,0.641247,0.999998,0.641247,0.500001,0.608512,0.500001,0.608512,0.999998,0.575778,0.999998,0.575778,0.500001,0.407337,0.500002,0.27715,0.999998,0.567845,0.499997,0.567845,0,0.600579,0,0.60058,0.499997,0.4326,0,0.432601,0.499998,0.408393,0.499998,0.408393,0,0.468992,1e-06,0.468992,0.499998,0,0.999998,0,0.500001,0.138575,0.500001,0.138575,0.999998,0.4932,0.499998,0.4932,0,0.529591,0,0.529591,0.499998,0.468992,0.499998,0.468992,1e-06,0.608512,0.999998,0.608512,0.500001,0.641247,0.999998,0.236931,0.119644,0.375658,0.119644,0.292541,0.442234,0.288704,0.446507,0.284171,0.454508,0.28068,0.464258,0.27846,0.475381,0.277747,0.48745,0.278563,0.500001,0.27678,0.500001,0.332213,0.461427,0.375582,0.500001,0.338783,0.500001,0.336896,0.497361,0.337188,0.48745,0.336009,0.475381,0.333342,0.464258,0.408393,0.37668,0.408393,0.424474,0.375658,0.37668,0.408393,0.07185,0.408393,0.119644,0.375582,0,0.237007,0,0.204197,0.07185,0.204197,0.119644,0.329337,0.454508,0.324399,0.446507,0.318765,0.440561,0.312652,0.4369,0.306295,0.435664,0.303794,0.43615,0.33682,0.500001,0.303794,0.43615,0.299993,0.4369,0.294055,0.440561,0.207862,0.500001,0,0,0.336234,0.500001,0.567845,0,0.567845,0.499998,0.529591,0.499998,0.529591,1e-06,0.241833,0.994478,0.178348,0.505577,0.278563,0.500001,0.278563,0.500001,0.33682,0.500001,0.33682,0.500001,0.537524,0.999998,0.537524,0.500001,0.575778,0.500001,0.575778,0.999999,0.279096,0.500001,0.280674,0.500001,0.283237,0.500001,0.286685,0.500001,0.290888,0.500001,0.295682,0.500001,0.300885,0.500001,0.306295,0.500001,0.31225,0.500001,0.317976,0.500001,0.323254,0.500001,0.32788,0.500001,0.331676,0.500001,0.334497,0.500001]],