{
    "vertices": [-0.009429,0.005,0.225,-0.010769,-0,-0.225,-0.010769,-0,0.225,-0.009429,-0.005,-0.225,-0.009429,-0.005,0.225,-0.005769,-0.00866,-0.225,-0.005769,-0.00866,0.225,-0.000769,-0.01,-0.225,-0.000769,-0.01,0.225,0.004231,-0.00866,-0.225,0.004231,-0.00866,0.225,0.007891,-0.005,-0.225,0.007891,-0.005,0.225,0.009231,-0,-0.225,0.009231,-0,0.225,0.007891,0.005,-0.225,0.007891,0.005,0.225,0.004231,0.00866,-0.225,0.004231,0.00866,0.225,-0.000769,0.01,-0.225,-0.000769,0.01,0.225,-0.005769,0.00866,-0.225,-0.005769,0.00866,0.225,-0.009429,0.005,-0.225,0.009231,-0,0.225,0.009231,-0,-0.225],
    "faces": [32,0,1,2,0,1,2,32,2,1,3,2,1,3,32,2,3,4,2,3,4,32,4,3,5,4,3,5,32,4,5,6,4,5,6,32,6,5,7,6,5,7,32,6,7,8,6,7,8,32,8,7,9,8,7,9,32,8,9,10,8,9,10,32,10,9,11,10,9,11,32,10,11,12,10,11,12,32,12,11,13,12,11,13,32,12,13,14,12,13,13,32,14,13,15,13,13,14,32,14,15,16,13,14,15,32,16,15,17,15,14,16,32,16,17,18,15,16,17,32,18,17,19,17,16,18,32,18,19,20,17,18,19,32,20,19,21,19,18,20,32,20,21,22,19,20,21,32,22,21,23,21,20,22,32,22,23,0,21,22,0,32,0,23,1,0,22,1,32,2,4,0,2,4,0,32,0,4,6,0,4,6,32,0,6,8,0,6,8,32,24,16,12,23,15,12,32,12,16,18,12,15,17,32,12,18,20,12,17,19,32,8,10,0,8,10,0,32,0,10,12,0,10,12,32,0,12,22,0,12,21,32,22,12,20,21,12,19,32,23,11,9,22,11,9,32,21,19,23,20,18,22,32,23,19,17,22,18,16,32,17,15,23,16,14,22,32,23,15,25,22,14,24,32,23,25,11,22,24,11,32,3,1,5,3,1,5,32,5,1,23,5,1,22,32,5,23,7,5,22,7,32,7,23,9,7,22,9],
    "uvs": [],
    "name": "wheel.axisGeometry",
    "metadata": {
        "type": "Geometry",
        "vertices": 26,
        "uvs": 0,
        "generator": "io_three",
        "faces": 44,
        "normals": 25,
        "version": 3
    },
    "normals": [-0.655721,0.378552,0.653218,-0.757134,0,-0.653218,-0.757134,0,0.653218,-0.655721,-0.378552,-0.653218,-0.655721,-0.378552,0.653218,-0.378552,-0.655721,-0.653218,-0.378552,-0.655721,0.653218,0,-0.757134,-0.653218,0,-0.757134,0.653218,0.378552,-0.655721,-0.653218,0.378552,-0.655721,0.653218,0.655721,-0.378552,-0.653218,0.655721,-0.378552,0.653218,1,0,0,0.655721,0.378552,-0.653218,0.65569,0.378582,0.653218,0.378552,0.655721,-0.653218,0.378552,0.655721,0.653218,0,0.757134,-0.653218,0,0.757134,0.653218,-0.378552,0.655721,-0.653218,-0.378552,0.655721,0.653218,-0.655721,0.378552,-0.653218,0,0,1,0,0,-0.999969]
}